glyph_id,page_number,line_number,sura_number,ayah_number,position,min_x,max_x,min_y,max_y
211,2,1,1,1,1,660,784,578,671
212,2,1,1,1,2,593,668,578,671
213,2,1,1,1,3,435,591,578,671
214,2,1,1,1,4,261,437,578,671
215,2,1,1,1,5,261,308,578,671
216,2,2,1,2,1,719,845,671,764
217,2,2,1,2,2,653,719,671,764
218,2,2,1,2,3,566,651,671,764
219,2,2,1,2,4,397,568,671,764
220,2,2,1,2,5,339,396,671,764
221,2,2,1,3,1,201,334,671,764
222,2,3,1,3,2,662,845,764,858
223,2,3,1,3,3,612,663,764,858
224,2,3,1,4,1,471,607,764,858
225,2,3,1,4,2,367,468,764,858
226,2,3,1,4,3,249,364,764,858
227,2,3,1,4,4,202,254,764,858
228,2,4,1,5,1,737,850,858,953
229,2,4,1,5,2,609,731,858,953
230,2,4,1,5,3,457,607,858,953
231,2,4,1,5,4,254,455,858,953
232,2,4,1,5,5,200,253,858,953
233,2,5,1,6,1,719,851,953,1044
234,2,5,1,6,2,561,717,953,1044
235,2,5,1,6,3,344,553,953,1044
236,2,5,1,6,4,310,359,953,1044
237,2,5,1,7,1,196,308,953,1044
238,2,6,1,7,2,700,848,1044,1138
239,2,6,1,7,3,522,698,1044,1138
240,2,6,1,7,4,326,515,1044,1138
241,2,6,1,7,5,209,325,1044,1138
242,2,7,1,7,6,634,844,1138,1231
243,2,7,1,7,7,483,629,1138,1231
244,2,7,1,7,8,422,482,1138,1231
245,2,7,1,7,9,249,414,1138,1231
246,2,7,1,7,10,206,254,1138,1231
263,3,1,2,1,1,744,837,671,764
264,3,1,2,1,2,711,760,671,764
265,3,1,2,2,1,613,709,671,764
266,3,1,2,2,2,491,610,671,764
267,3,1,2,2,3,451,490,671,764
268,3,1,2,2,4,326,453,671,764
269,3,1,2,2,5,198,329,671,764
270,3,2,2,2,6,724,842,764,858
271,3,2,2,2,7,556,725,764,858
272,3,2,2,2,8,499,557,764,858
273,3,2,2,3,1,355,494,764,858
274,3,2,2,3,2,192,353,764,858
275,3,3,2,3,3,682,840,858,953
276,3,3,2,3,4,457,676,858,953
277,3,3,2,3,5,308,453,858,953
278,3,3,2,3,6,199,299,858,953
279,3,4,2,3,7,643,841,953,1044
280,3,4,2,3,8,425,637,953,1044
281,3,4,2,3,9,375,421,953,1044
282,3,4,2,4,1,196,368,953,1044
283,3,5,2,4,2,679,842,1044,1138
284,3,5,2,4,3,609,671,1044,1138
285,3,5,2,4,4,503,613,1044,1138
286,3,5,2,4,5,394,506,1044,1138
287,3,5,2,4,6,303,391,1044,1138
288,3,5,2,4,7,200,301,1044,1138
289,3,6,2,4,8,769,840,1138,1231
290,3,6,2,4,9,660,775,1138,1231
291,3,6,2,4,10,441,655,1138,1231
292,3,6,2,4,11,369,435,1138,1231
293,3,6,2,4,12,195,372,1138,1231
294,3,6,2,4,13,197,255,1138,1231
295,4,1,2,5,1,827,944,110,205
296,4,1,2,5,2,762,828,110,205
297,4,1,2,5,3,667,766,110,205
298,4,1,2,5,4,600,662,110,205
299,4,1,2,5,5,503,597,110,205
300,4,1,2,5,6,362,501,110,205
301,4,1,2,5,7,314,357,110,205
302,4,1,2,5,8,100,307,110,205
303,4,1,2,5,9,105,155,110,205
304,4,2,2,6,1,881,937,205,300
305,4,2,2,6,2,762,874,205,300
306,4,2,2,6,3,626,754,205,300
323,4,2,2,6,4,525,620,205,300
324,4,2,2,6,5,399,518,205,300
325,4,2,2,6,6,216,396,205,300
326,4,2,2,6,7,151,212,205,300
327,4,2,2,6,8,106,159,205,300
328,4,3,2,6,9,802,939,300,391
329,4,3,2,6,10,754,794,300,391
330,4,3,2,6,11,610,753,300,391
331,4,3,2,6,12,555,612,300,391
332,4,3,2,7,1,470,551,300,391
333,4,3,2,7,2,400,466,300,391
334,4,3,2,7,3,334,397,300,391
335,4,3,2,7,4,205,331,300,391
336,4,3,2,7,5,106,199,300,391
337,4,4,2,7,6,779,939,391,485
338,4,4,2,7,7,676,777,391,485
339,4,4,2,7,8,505,680,391,485
340,4,4,2,7,9,342,504,391,485
341,4,4,2,7,10,227,338,391,485
342,4,4,2,7,11,107,224,391,485
343,4,5,2,7,12,809,937,485,578
344,4,5,2,7,13,766,814,485,578
345,4,5,2,8,1,665,764,485,578
346,4,5,2,8,2,526,662,485,578
347,4,5,2,8,3,455,519,485,578
348,4,5,2,8,4,336,451,485,578
349,4,5,2,8,5,249,328,485,578
350,4,5,2,8,6,149,243,485,578
351,4,5,2,8,7,112,145,485,578
352,4,6,2,8,8,817,936,578,671
353,4,6,2,8,9,714,816,578,671
354,4,6,2,8,10,643,707,578,671
355,4,6,2,8,11,573,639,578,671
356,4,6,2,8,12,395,571,578,671
357,4,6,2,8,13,350,399,578,671
358,4,6,2,9,1,194,352,578,671
359,4,6,2,9,2,115,189,578,671
360,4,7,2,9,3,818,934,671,764
361,4,7,2,9,4,709,815,671,764
362,4,7,2,9,5,659,707,671,764
363,4,7,2,9,6,513,657,671,764
364,4,7,2,9,7,462,513,671,764
365,4,7,2,9,8,351,461,671,764
366,4,7,2,9,9,294,347,671,764
367,4,7,2,9,10,105,294,671,764
368,4,7,2,9,11,116,160,671,764
369,4,8,2,10,1,896,939,764,858
370,4,8,2,10,2,766,895,764,858
371,4,8,2,10,3,634,763,764,858
372,4,8,2,10,4,501,637,764,858
373,4,8,2,10,5,425,495,764,858
374,4,8,2,10,6,307,425,764,858
375,4,8,2,10,7,218,308,764,858
376,4,8,2,10,8,101,211,764,858
377,4,9,2,10,9,825,938,858,953
378,4,9,2,10,10,767,829,858,953
379,4,9,2,10,11,624,762,858,953
380,4,9,2,10,12,461,622,858,953
381,4,9,2,10,13,418,469,858,953
382,4,9,2,11,1,333,418,858,953
383,4,9,2,11,2,239,332,858,953
384,4,9,2,11,3,164,234,858,953
385,4,9,2,11,4,118,155,858,953
386,4,10,2,11,5,803,935,953,1044
387,4,10,2,11,6,750,801,953,1044
388,4,10,2,11,7,599,753,953,1044
389,4,10,2,11,8,511,601,953,1044
390,4,10,2,11,9,433,507,953,1044
391,4,10,2,11,10,341,431,953,1044
392,4,10,2,11,11,163,335,953,1044
393,4,10,2,11,12,112,164,953,1044
394,4,11,2,12,1,879,942,1044,1138
395,4,11,2,12,2,801,878,1044,1138
396,4,11,2,12,3,733,800,1044,1138
397,4,11,2,12,4,549,728,1044,1138
398,4,11,2,12,5,427,540,1044,1138
399,4,11,2,12,6,384,423,1044,1138
400,4,11,2,12,7,225,383,1044,1138
401,4,11,2,12,8,180,224,1044,1138
402,4,11,2,13,1,115,181,1044,1138
403,4,12,2,13,2,858,940,1138,1231
404,4,12,2,13,3,778,853,1138,1231
405,4,12,2,13,4,678,775,1138,1231
406,4,12,2,13,5,581,674,1138,1231
407,4,12,2,13,6,486,578,1138,1231
408,4,12,2,13,7,356,480,1138,1231
409,4,12,2,13,8,250,344,1138,1231
410,4,12,2,13,9,115,235,1138,1231
411,4,13,2,13,10,865,937,1231,1326
412,4,13,2,13,11,783,869,1231,1326
413,4,13,2,13,12,601,780,1231,1326
414,4,13,2,13,13,536,598,1231,1326
415,4,13,2,13,14,446,531,1231,1326
416,4,13,2,13,15,377,443,1231,1326
417,4,13,2,13,16,226,373,1231,1326
418,4,13,2,13,17,113,220,1231,1326
419,5,1,2,13,18,902,939,110,205
420,5,1,2,13,19,772,904,110,205
421,5,1,2,13,20,729,774,110,205
422,5,1,2,14,1,659,725,110,205
423,5,1,2,14,2,584,654,110,205
424,5,1,2,14,3,466,577,110,205
425,5,1,2,14,4,374,464,110,205
426,5,1,2,14,5,279,372,110,205
427,5,1,2,14,6,190,281,110,205
428,5,1,2,14,7,109,197,110,205
429,5,2,2,14,8,861,938,205,300
430,5,2,2,14,9,808,861,205,300
431,5,2,2,14,10,605,799,205,300
432,5,2,2,14,11,521,607,205,300
433,5,2,2,14,12,467,514,205,300
434,5,2,2,14,13,290,462,205,300
435,5,2,2,14,14,215,290,205,300
436,5,2,2,14,15,112,216,205,300
437,5,3,2,14,16,754,937,300,391
438,5,3,2,14,17,715,755,300,391
439,5,3,2,15,1,651,716,300,391
440,5,3,2,15,2,517,650,300,391
441,5,3,2,15,3,455,515,300,391
442,5,3,2,15,4,318,456,300,391
443,5,3,2,15,5,273,315,300,391
444,5,3,2,15,6,114,271,300,391
445,5,4,2,15,7,792,938,391,485
446,5,4,2,15,8,742,794,391,485
447,5,4,2,16,1,626,743,391,485
448,5,4,2,16,2,502,614,391,485
449,5,4,2,16,3,368,493,391,485
450,5,4,2,16,4,239,366,391,485
451,5,4,2,16,5,102,240,391,485
452,5,5,2,16,6,875,937,485,578
453,5,5,2,16,7,739,871,485,578
454,5,5,2,16,8,553,735,485,578
455,5,5,2,16,9,476,549,485,578
456,5,5,2,16,10,327,470,485,578
457,5,5,2,16,11,168,324,485,578
458,5,5,2,16,12,113,166,485,578
459,5,6,2,17,1,810,941,578,671
460,5,6,2,17,2,684,802,578,671
461,5,6,2,17,3,576,679,578,671
462,5,6,2,17,4,438,572,578,671
463,5,6,2,17,5,340,434,578,671
464,5,6,2,17,6,257,339,578,671
481,5,6,2,17,7,106,251,578,671
482,5,7,2,17,8,894,940,671,764
483,5,7,2,17,9,793,890,671,764
484,5,7,2,17,10,687,786,671,764
485,5,7,2,17,11,624,683,671,764
486,5,7,2,17,12,481,618,671,764
487,5,7,2,17,13,278,476,671,764
488,5,7,2,17,14,236,275,671,764
489,5,7,2,17,15,109,234,671,764
490,5,8,2,17,16,901,937,764,858
491,5,8,2,17,17,761,904,764,858
492,5,8,2,17,18,720,763,764,858
493,5,8,2,18,1,646,719,764,858
494,5,8,2,18,2,559,645,764,858
495,5,8,2,18,3,464,557,764,858
496,5,8,2,18,4,369,453,764,858
497,5,8,2,18,5,325,366,764,858
498,5,8,2,18,6,170,324,764,858
499,5,8,2,18,7,117,171,764,858
500,5,9,2,19,1,898,939,858,953
501,5,9,2,19,2,772,903,858,953
502,5,9,2,19,3,695,768,858,953
503,5,9,2,19,4,584,689,858,953
504,5,9,2,19,5,510,585,858,953
505,5,9,2,19,6,388,507,858,953
506,5,9,2,19,7,274,379,858,953
507,5,9,2,19,8,121,267,858,953
508,5,10,2,19,9,798,943,953,1044
509,5,10,2,19,10,632,793,953,1044
510,5,10,2,19,11,582,627,953,1044
511,5,10,2,19,12,449,579,953,1044
512,5,10,2,19,13,372,443,953,1044
513,5,10,2,19,14,206,363,953,1044
514,5,10,2,19,15,112,203,953,1044
515,5,11,2,19,16,796,938,1044,1138
516,5,11,2,19,17,692,795,1044,1138
517,5,11,2,19,18,567,685,1044,1138
518,5,11,2,19,19,352,567,1044,1138
519,5,11,2,19,20,305,357,1044,1138
520,5,11,2,20,1,230,310,1044,1138
521,5,11,2,20,2,113,224,1044,1138
522,5,12,2,20,3,824,943,1138,1231
523,5,12,2,20,4,646,820,1138,1231
524,5,12,2,20,5,567,648,1138,1231
525,5,12,2,20,6,475,569,1138,1231
526,5,12,2,20,7,400,467,1138,1231
527,5,12,2,20,8,300,398,1138,1231
528,5,12,2,20,9,205,301,1138,1231
529,5,12,2,20,10,118,207,1138,1231
530,5,13,2,20,11,843,942,1231,1326
531,5,13,2,20,12,738,847,1231,1326
532,5,13,2,20,13,626,741,1231,1326
533,5,13,2,20,14,564,629,1231,1326
534,5,13,2,20,15,483,562,1231,1326
535,5,13,2,20,16,405,477,1231,1326
536,5,13,2,20,17,277,402,1231,1326
537,5,13,2,20,18,117,277,1231,1326
538,6,1,2,20,19,732,938,110,205
539,6,1,2,20,20,673,733,110,205
540,6,1,2,20,21,601,675,110,205
541,6,1,2,20,22,531,601,110,205
542,6,1,2,20,23,456,524,110,205
543,6,1,2,20,24,355,455,110,205
544,6,1,2,20,25,255,350,110,205
545,6,1,2,20,26,212,257,110,205
546,6,1,2,21,1,109,210,110,205
547,6,2,2,21,2,819,936,205,300
548,6,2,2,21,3,700,817,205,300
549,6,2,2,21,4,592,693,205,300
550,6,2,2,21,5,496,591,205,300
551,6,2,2,21,6,330,492,205,300
552,6,2,2,21,7,183,326,205,300
553,6,2,2,21,8,115,180,205,300
554,6,3,2,21,9,831,939,300,391
555,6,3,2,21,10,703,828,300,391
556,6,3,2,21,11,585,706,300,391
557,6,3,2,21,12,537,583,300,391
558,6,3,2,22,1,435,530,300,391
559,6,3,2,22,2,328,431,300,391
560,6,3,2,22,3,247,324,300,391
561,6,3,2,22,4,118,245,300,391
562,6,4,2,22,5,838,944,391,485
563,6,4,2,22,6,713,836,391,485
564,6,4,2,22,7,613,712,391,485
565,6,4,2,22,8,502,615,391,485
566,6,4,2,22,9,435,500,391,485
567,6,4,2,22,10,328,428,391,485
568,6,4,2,22,11,255,320,391,485
569,6,4,2,22,12,115,243,391,485
570,6,5,2,22,13,895,941,485,578
571,6,5,2,22,14,826,893,485,578
572,6,5,2,22,15,704,819,485,578
573,6,5,2,22,16,614,697,485,578
574,6,5,2,22,17,519,611,485,578
575,6,5,2,22,18,462,518,485,578
576,6,5,2,22,19,332,460,485,578
577,6,5,2,22,20,268,330,485,578
578,6,5,2,22,21,142,265,485,578
579,6,5,2,22,22,108,141,485,578
580,6,6,2,22,23,853,943,578,671
581,6,6,2,22,24,714,855,578,671
582,6,6,2,22,25,670,713,578,671
583,6,6,2,23,1,586,667,578,671
584,6,6,2,23,2,488,586,578,671
585,6,6,2,23,3,450,492,578,671
586,6,6,2,23,4,359,446,578,671
587,6,6,2,23,5,305,356,578,671
588,6,6,2,23,6,188,300,578,671
589,6,6,2,23,7,118,186,578,671
590,6,7,2,23,8,837,941,671,764
591,6,7,2,23,9,748,837,671,764
592,6,7,2,23,10,632,748,671,764
593,6,7,2,23,11,566,634,671,764
594,6,7,2,23,12,449,567,671,764
595,6,7,2,23,13,327,448,671,764
596,6,7,2,23,14,201,323,671,764
597,6,7,2,23,15,112,200,671,764
598,6,8,2,23,16,874,938,764,858
599,6,8,2,23,17,774,871,764,858
600,6,8,2,23,18,699,765,764,858
601,6,8,2,23,19,640,701,764,858
602,6,8,2,23,20,546,640,764,858
603,6,8,2,23,21,387,551,764,858
604,6,8,2,23,22,341,386,764,858
605,6,8,2,24,1,261,339,764,858
606,6,8,2,24,2,223,260,764,858
607,6,8,2,24,3,110,226,764,858
608,6,9,2,24,4,853,938,858,953
609,6,9,2,24,5,740,849,858,953
610,6,9,2,24,6,604,731,858,953
611,6,9,2,24,7,508,603,858,953
612,6,9,2,24,8,428,506,858,953
613,6,9,2,24,9,265,417,858,953
614,6,9,2,24,10,138,255,858,953
615,6,9,2,24,11,104,138,858,953
616,6,10,2,24,12,752,936,953,1044
617,6,10,2,24,13,640,754,953,1044
618,6,10,2,24,14,482,639,953,1044
619,6,10,2,24,15,434,479,953,1044
620,6,10,2,25,1,331,438,953,1044
621,6,10,2,25,2,214,328,953,1044
622,6,10,2,25,3,115,212,953,1044
623,6,11,2,25,4,805,936,1044,1138
624,6,11,2,25,5,627,797,1044,1138
625,6,11,2,25,6,565,622,1044,1138
626,6,11,2,25,7,486,563,1044,1138
627,6,11,2,25,8,376,483,1044,1138
628,6,11,2,25,9,279,372,1044,1138
645,6,11,2,25,10,213,278,1044,1138
646,6,11,2,25,11,115,212,1044,1138
647,6,12,2,25,12,818,939,1138,1231
648,6,12,2,25,13,745,818,1138,1231
649,6,12,2,25,14,632,735,1138,1231
650,6,12,2,25,15,550,629,1138,1231
651,6,12,2,25,16,478,545,1138,1231
652,6,12,2,25,17,376,476,1138,1231
653,6,12,2,25,18,251,368,1138,1231
654,6,12,2,25,19,125,248,1138,1231
655,6,13,2,25,20,863,934,1231,1326
656,6,13,2,25,21,760,856,1231,1326
657,6,13,2,25,22,667,754,1231,1326
658,6,13,2,25,23,595,660,1231,1326
659,6,13,2,25,24,492,592,1231,1326
660,6,13,2,25,25,410,491,1231,1326
661,6,13,2,25,26,359,415,1231,1326
662,6,13,2,25,27,201,356,1231,1326
663,6,13,2,25,28,105,202,1231,1326
664,7,1,2,25,29,857,940,110,205
665,7,1,2,25,30,741,851,110,205
666,7,1,2,25,31,572,737,110,205
667,7,1,2,25,32,493,575,110,205
668,7,1,2,25,33,413,492,110,205
669,7,1,2,25,34,271,411,110,205
670,7,1,2,25,35,225,272,110,205
671,7,1,2,26,1,173,229,110,205
672,7,1,2,26,2,101,171,110,205
673,7,2,2,26,3,899,931,205,300
674,7,2,2,26,4,782,897,205,300
675,7,2,2,26,5,722,776,205,300
676,7,2,2,26,6,601,720,205,300
677,7,2,2,26,7,510,593,205,300
678,7,2,2,26,8,460,508,205,300
679,7,2,2,26,9,310,458,205,300
680,7,2,2,26,10,251,304,205,300
681,7,2,2,26,11,104,245,205,300
682,7,3,2,26,12,866,941,300,391
683,7,3,2,26,13,764,863,300,391
684,7,3,2,26,14,667,766,300,391
685,7,3,2,26,15,512,667,300,391
686,7,3,2,26,16,450,512,300,391
687,7,3,2,26,17,355,445,300,391
688,7,3,2,26,18,291,354,300,391
689,7,3,2,26,19,187,291,300,391
690,7,3,2,26,20,105,191,300,391
691,7,4,2,26,21,829,938,391,485
692,7,4,2,26,22,729,827,391,485
693,7,4,2,26,23,566,724,391,485
694,7,4,2,26,24,468,553,391,485
695,7,4,2,26,25,394,467,391,485
696,7,4,2,26,26,321,388,391,485
697,7,4,2,26,27,224,317,391,485
698,7,4,2,26,28,105,222,391,485
699,7,5,2,26,29,833,940,485,578
700,7,5,2,26,30,784,830,485,578
701,7,5,2,26,31,673,785,485,578
702,7,5,2,26,32,532,676,485,578
703,7,5,2,26,33,475,528,485,578
704,7,5,2,26,34,359,475,485,578
705,7,5,2,26,35,290,358,485,578
706,7,5,2,26,36,180,289,485,578
707,7,5,2,26,37,108,176,485,578
708,7,6,2,26,38,885,938,578,671
709,7,6,2,26,39,711,883,578,671
710,7,6,2,26,40,669,712,578,671
711,7,6,2,27,1,559,668,578,671
712,7,6,2,27,2,396,558,578,671
713,7,6,2,27,3,308,390,578,671
714,7,6,2,27,4,236,305,578,671
715,7,6,2,27,5,177,235,578,671
716,7,6,2,27,6,107,179,578,671
717,7,7,2,27,7,794,941,671,764
718,7,7,2,27,8,611,796,671,764
719,7,7,2,27,9,558,608,671,764
720,7,7,2,27,10,476,554,671,764
721,7,7,2,27,11,408,477,671,764
722,7,7,2,27,12,350,411,671,764
723,7,7,2,27,13,265,348,671,764
724,7,7,2,27,14,110,262,671,764
725,7,8,2,27,15,750,938,764,858
726,7,8,2,27,16,694,748,764,858
727,7,8,2,27,17,538,686,764,858
728,7,8,2,27,18,415,533,764,858
729,7,8,2,27,19,350,413,764,858
730,7,8,2,27,20,168,349,764,858
731,7,8,2,27,21,113,165,764,858
732,7,9,2,28,1,865,944,858,953
733,7,9,2,28,2,736,868,858,953
734,7,9,2,28,3,651,733,858,953
735,7,9,2,28,4,558,651,858,953
736,7,9,2,28,5,453,557,858,953
737,7,9,2,28,6,286,451,858,953
738,7,9,2,28,7,241,287,858,953
739,7,9,2,28,8,111,243,858,953
740,7,10,2,28,9,891,941,953,1044
741,7,10,2,28,10,767,893,953,1044
742,7,10,2,28,11,713,768,953,1044
743,7,10,2,28,12,638,717,953,1044
744,7,10,2,28,13,473,629,953,1044
745,7,10,2,28,14,433,477,953,1044
746,7,10,2,29,1,376,429,953,1044
747,7,10,2,29,2,274,375,953,1044
748,7,10,2,29,3,178,275,953,1044
749,7,10,2,29,4,114,174,953,1044
750,7,11,2,29,5,899,939,1044,1138
751,7,11,2,29,6,853,900,1044,1138
752,7,11,2,29,7,717,851,1044,1138
753,7,11,2,29,8,591,718,1044,1138
754,7,11,2,29,9,534,587,1044,1138
755,7,11,2,29,10,411,533,1044,1138
756,7,11,2,29,11,355,406,1044,1138
757,7,11,2,29,12,246,346,1044,1138
758,7,11,2,29,13,110,246,1044,1138
759,7,12,2,29,14,862,938,1138,1231
760,7,12,2,29,15,721,852,1138,1231
761,7,12,2,29,16,640,721,1138,1231
762,7,12,2,29,17,559,640,1138,1231
763,7,12,2,29,18,464,557,1138,1231
764,7,12,2,29,19,370,462,1138,1231
765,7,12,2,29,20,330,376,1138,1231
766,7,12,2,30,1,269,327,1138,1231
767,7,12,2,30,2,191,265,1138,1231
768,7,12,2,30,3,106,190,1138,1231
769,7,13,2,30,4,812,941,1231,1326
770,7,13,2,30,5,756,808,1231,1326
771,7,13,2,30,6,638,755,1231,1326
772,7,13,2,30,7,595,634,1231,1326
773,7,13,2,30,8,467,588,1231,1326
774,7,13,2,30,9,331,466,1231,1326
775,7,13,2,30,10,248,326,1231,1326
776,7,13,2,30,11,118,246,1231,1326
777,8,1,2,30,12,874,941,110,205
778,8,1,2,30,13,806,869,110,205
779,8,1,2,30,14,707,800,110,205
780,8,1,2,30,15,635,710,110,205
781,8,1,2,30,16,488,632,110,205
782,8,1,2,30,17,333,480,110,205
783,8,1,2,30,18,220,333,110,205
784,8,1,2,30,19,94,219,110,205
785,8,2,2,30,20,833,947,205,300
786,8,2,2,30,21,680,830,205,300
787,8,2,2,30,22,600,678,205,300
804,8,2,2,30,23,523,598,205,300
805,8,2,2,30,24,459,519,205,300
806,8,2,2,30,25,372,455,205,300
807,8,2,2,30,26,326,367,205,300
808,8,2,2,30,27,288,326,205,300
809,8,2,2,30,28,158,287,205,300
810,8,2,2,30,29,94,160,205,300
811,8,3,2,31,1,836,947,300,391
812,8,3,2,31,2,757,839,300,391
813,8,3,2,31,3,627,762,300,391
814,8,3,2,31,4,519,624,300,391
815,8,3,2,31,5,442,516,300,391
816,8,3,2,31,6,320,457,300,391
817,8,3,2,31,7,259,319,300,391
818,8,3,2,31,8,94,258,300,391
819,8,4,2,31,9,838,945,391,485
820,8,4,2,31,10,720,838,391,485
821,8,4,2,31,11,603,719,391,485
822,8,4,2,31,12,480,599,391,485
823,8,4,2,31,13,415,476,391,485
824,8,4,2,31,14,318,411,391,485
825,8,4,2,31,15,180,329,391,485
826,8,4,2,31,16,94,176,391,485
827,8,5,2,32,1,860,941,485,578
828,8,5,2,32,2,743,859,485,578
829,8,5,2,32,3,705,741,485,578
830,8,5,2,32,4,631,703,485,578
831,8,5,2,32,5,594,643,485,578
832,8,5,2,32,6,550,596,485,578
833,8,5,2,32,7,516,552,485,578
834,8,5,2,32,8,393,513,485,578
835,8,5,2,32,9,319,395,485,578
836,8,5,2,32,10,241,315,485,578
837,8,5,2,32,11,94,235,485,578
838,8,6,2,32,12,818,940,578,671
839,8,6,2,32,13,791,831,578,671
840,8,6,2,33,1,711,788,578,671
841,8,6,2,33,2,612,709,578,671
842,8,6,2,33,3,492,614,578,671
843,8,6,2,33,4,318,493,578,671
844,8,6,2,33,5,245,323,578,671
845,8,6,2,33,6,94,249,578,671
846,8,7,2,33,7,775,943,671,764
847,8,7,2,33,8,704,776,671,764
848,8,7,2,33,9,629,702,671,764
849,8,7,2,33,10,560,642,671,764
850,8,7,2,33,11,505,559,671,764
851,8,7,2,33,12,436,501,671,764
852,8,7,2,33,13,347,435,671,764
853,8,7,2,33,14,266,348,671,764
854,8,7,2,33,15,96,262,671,764
855,8,8,2,33,16,768,947,764,858
856,8,8,2,33,17,664,773,764,858
857,8,8,2,33,18,628,667,764,858
858,8,8,2,33,19,508,626,764,858
859,8,8,2,33,20,443,504,764,858
860,8,8,2,33,21,351,444,764,858
861,8,8,2,33,22,229,364,764,858
862,8,8,2,33,23,185,232,764,858
863,8,8,2,34,1,94,186,764,858
864,8,9,2,34,2,872,946,858,953
865,8,9,2,34,3,735,868,858,953
866,8,9,2,34,4,602,727,858,953
867,8,9,2,34,5,504,600,858,953
868,8,9,2,34,6,370,505,858,953
869,8,9,2,34,7,305,369,858,953
870,8,9,2,34,8,168,305,858,953
871,8,9,2,34,9,94,170,858,953
872,8,10,2,34,10,767,938,953,1044
873,8,10,2,34,11,659,768,953,1044
874,8,10,2,34,12,594,661,953,1044
875,8,10,2,34,13,444,593,953,1044
876,8,10,2,34,14,399,444,953,1044
877,8,10,2,35,1,294,398,953,1044
878,8,10,2,35,2,194,292,953,1044
879,8,10,2,35,3,94,204,953,1044
880,8,11,2,35,4,864,942,1044,1138
881,8,11,2,35,5,723,868,1044,1138
882,8,11,2,35,6,630,720,1044,1138
883,8,11,2,35,7,535,628,1044,1138
884,8,11,2,35,8,461,535,1044,1138
885,8,11,2,35,9,364,459,1044,1138
886,8,11,2,35,10,284,367,1044,1138
887,8,11,2,35,11,164,283,1044,1138
888,8,11,2,35,12,94,166,1044,1138
889,8,12,2,35,13,852,944,1138,1231
890,8,12,2,35,14,764,849,1138,1231
891,8,12,2,35,15,625,763,1138,1231
892,8,12,2,35,16,504,620,1138,1231
893,8,12,2,35,17,423,497,1138,1231
894,8,12,2,35,18,270,421,1138,1231
895,8,12,2,35,19,226,270,1138,1231
896,8,12,2,36,1,94,232,1138,1231
897,8,13,2,36,2,801,947,1231,1326
898,8,13,2,36,3,713,799,1231,1326
899,8,13,2,36,4,529,709,1231,1326
900,8,13,2,36,5,460,525,1231,1326
901,8,13,2,36,6,391,458,1231,1326
902,8,13,2,36,7,311,391,1231,1326
903,8,13,2,36,8,226,310,1231,1326
904,8,13,2,36,9,98,224,1231,1326
905,9,1,2,36,10,815,928,110,205
906,9,1,2,36,11,694,816,110,205
907,9,1,2,36,12,597,693,110,205
908,9,1,2,36,13,525,599,110,205
909,9,1,2,36,14,484,523,110,205
910,9,1,2,36,15,353,481,110,205
911,9,1,2,36,16,224,349,110,205
912,9,1,2,36,17,94,225,110,205
913,9,2,2,36,18,885,936,205,300
914,9,2,2,36,19,797,885,205,300
915,9,2,2,36,20,752,800,205,300
916,9,2,2,37,1,641,747,205,300
917,9,2,2,37,2,567,638,205,300
918,9,2,2,37,3,497,566,205,300
919,9,2,2,37,4,429,496,205,300
920,9,2,2,37,5,324,427,205,300
921,9,2,2,37,6,227,316,205,300
922,9,2,2,37,7,94,216,205,300
923,9,3,2,37,8,872,940,300,391
924,9,3,2,37,9,813,870,300,391
925,9,3,2,37,10,689,812,300,391
926,9,3,2,37,11,546,687,300,391
927,9,3,2,37,12,521,562,300,391
928,9,3,2,38,1,449,521,300,391
929,9,3,2,38,2,305,446,300,391
930,9,3,2,38,3,229,304,300,391
931,9,3,2,38,4,94,228,300,391
932,9,4,2,38,5,862,937,391,485
933,9,4,2,38,6,733,861,391,485
934,9,4,2,38,7,661,735,391,485
935,9,4,2,38,8,562,655,391,485
936,9,4,2,38,9,477,558,391,485
937,9,4,2,38,10,411,476,391,485
938,9,4,2,38,11,285,402,391,485
939,9,4,2,38,12,222,280,391,485
940,9,4,2,38,13,94,219,391,485
941,9,5,2,38,14,823,933,485,578
942,9,5,2,38,15,757,818,485,578
943,9,5,2,38,16,699,759,485,578
944,9,5,2,38,17,565,698,485,578
945,9,5,2,38,18,515,560,485,578
946,9,5,2,39,1,375,515,485,578
947,9,5,2,39,2,258,369,485,578
948,9,5,2,39,3,94,250,485,578
949,9,6,2,39,4,830,936,578,671
950,9,6,2,39,5,706,826,578,671
951,9,6,2,39,6,569,703,578,671
952,9,6,2,39,7,481,566,578,671
953,9,6,2,39,8,419,480,578,671
954,9,6,2,39,9,346,417,578,671
955,9,6,2,39,10,175,343,578,671
956,9,6,2,39,11,94,166,578,671
973,9,7,2,40,1,849,935,671,764
974,9,7,2,40,2,682,848,671,764
975,9,7,2,40,3,563,674,671,764
976,9,7,2,40,4,442,559,671,764
977,9,7,2,40,5,358,440,671,764
978,9,7,2,40,6,239,357,671,764
979,9,7,2,40,7,94,232,671,764
980,9,8,2,40,8,817,941,764,858
981,9,8,2,40,9,678,816,764,858
982,9,8,2,40,10,586,670,764,858
983,9,8,2,40,11,442,586,764,858
984,9,8,2,40,12,339,444,764,858
985,9,8,2,40,13,188,337,764,858
986,9,8,2,40,14,142,188,764,858
987,9,8,2,41,1,94,145,764,858
988,9,9,2,41,2,855,945,858,953
989,9,9,2,41,3,809,854,858,953
990,9,9,2,41,4,705,805,858,953
991,9,9,2,41,5,574,701,858,953
992,9,9,2,41,6,520,572,858,953
993,9,9,2,41,7,420,513,858,953
994,9,9,2,41,8,355,419,858,953
995,9,9,2,41,9,213,355,858,953
996,9,9,2,41,10,94,212,858,953
997,9,10,2,41,11,846,945,953,1044
998,9,10,2,41,12,774,851,953,1044
999,9,10,2,41,13,714,773,953,1044
1000,9,10,2,41,14,590,713,953,1044
1001,9,10,2,41,15,482,587,953,1044
1002,9,10,2,41,16,393,478,953,1044
1003,9,10,2,41,17,258,393,953,1044
1004,9,10,2,41,18,94,262,953,1044
1005,9,11,2,41,19,783,939,1044,1138
1006,9,11,2,41,20,739,787,1044,1138
1007,9,11,2,42,1,669,734,1044,1138
1008,9,11,2,42,2,545,669,1044,1138
1009,9,11,2,42,3,441,540,1044,1138
1010,9,11,2,42,4,281,440,1044,1138
1011,9,11,2,42,5,94,275,1044,1138
1012,9,12,2,42,6,839,941,1138,1231
1013,9,12,2,42,7,702,836,1138,1231
1014,9,12,2,42,8,551,705,1138,1231
1015,9,12,2,42,9,504,548,1138,1231
1016,9,12,2,43,1,361,498,1138,1231
1017,9,12,2,43,2,221,358,1138,1231
1018,9,12,2,43,3,94,219,1138,1231
1019,9,13,2,43,4,797,942,1231,1326
1020,9,13,2,43,5,661,796,1231,1326
1021,9,13,2,43,6,600,660,1231,1326
1022,9,13,2,43,7,424,597,1231,1326
1023,9,13,2,43,8,376,423,1231,1326
1024,9,13,2,44,1,225,374,1231,1326
1025,9,13,2,44,2,95,222,1231,1326
1026,10,1,2,44,3,849,940,110,205
1027,10,1,2,44,4,694,851,110,205
1028,10,1,2,44,5,555,687,110,205
1029,10,1,2,44,6,442,552,110,205
1030,10,1,2,44,7,332,447,110,205
1031,10,1,2,44,8,201,331,110,205
1032,10,1,2,44,9,94,202,110,205
1033,10,2,2,44,10,791,939,205,300
1034,10,2,2,44,11,745,795,205,300
1035,10,2,2,45,1,550,740,205,300
1036,10,2,2,45,2,400,547,205,300
1037,10,2,2,45,3,219,400,205,300
1038,10,2,2,45,4,94,218,205,300
1039,10,3,2,45,5,766,939,300,391
1040,10,3,2,45,6,708,763,300,391
1041,10,3,2,45,7,632,705,300,391
1042,10,3,2,45,8,425,628,300,391
1043,10,3,2,45,9,381,427,300,391
1044,10,3,2,46,1,246,378,300,391
1045,10,3,2,46,2,95,245,300,391
1046,10,4,2,46,3,847,940,391,485
1047,10,4,2,46,4,733,841,391,485
1048,10,4,2,46,5,629,732,391,485
1049,10,4,2,46,6,510,624,391,485
1050,10,4,2,46,7,421,507,391,485
1051,10,4,2,46,8,278,417,391,485
1052,10,4,2,46,9,221,276,391,485
1053,10,4,2,47,1,94,214,391,485
1054,10,5,2,47,2,776,942,485,578
1055,10,5,2,47,3,653,769,485,578
1056,10,5,2,47,4,536,652,485,578
1057,10,5,2,47,5,452,534,485,578
1058,10,5,2,47,6,338,451,485,578
1059,10,5,2,47,7,212,328,485,578
1060,10,5,2,47,8,94,210,485,578
1061,10,6,2,47,9,782,940,578,671
1062,10,6,2,47,10,729,793,578,671
1063,10,6,2,47,11,587,728,578,671
1064,10,6,2,47,12,537,585,578,671
1065,10,6,2,48,1,416,534,578,671
1066,10,6,2,48,2,342,415,578,671
1067,10,6,2,48,3,295,332,578,671
1068,10,6,2,48,4,198,294,578,671
1069,10,6,2,48,5,94,199,578,671
1070,10,7,2,48,6,870,941,671,764
1071,10,7,2,48,7,772,869,671,764
1072,10,7,2,48,8,691,769,671,764
1073,10,7,2,48,9,621,688,671,764
1074,10,7,2,48,10,524,620,671,764
1075,10,7,2,48,11,437,523,671,764
1076,10,7,2,48,12,298,434,671,764
1077,10,7,2,48,13,233,297,671,764
1078,10,7,2,48,14,94,232,671,764
1079,10,8,2,48,15,855,939,764,858
1080,10,8,2,48,16,753,853,764,858
1081,10,8,2,48,17,676,747,764,858
1082,10,8,2,48,18,608,670,764,858
1083,10,8,2,48,19,446,608,764,858
1084,10,8,2,48,20,399,449,764,858
1085,10,8,2,49,1,327,398,764,858
1086,10,8,2,49,2,176,324,764,858
1087,10,8,2,49,3,94,173,764,858
1088,10,9,2,49,4,884,940,858,953
1089,10,9,2,49,5,748,882,858,953
1090,10,9,2,49,6,528,746,858,953
1091,10,9,2,49,7,438,525,858,953
1092,10,9,2,49,8,281,437,858,953
1093,10,9,2,49,9,94,279,858,953
1094,10,10,2,49,10,822,937,953,1044
1095,10,10,2,49,11,629,820,953,1044
1096,10,10,2,49,12,479,626,953,1044
1097,10,10,2,49,13,408,476,953,1044
1098,10,10,2,49,14,273,405,953,1044
1099,10,10,2,49,15,190,271,953,1044
1100,10,10,2,49,16,95,186,953,1044
1101,10,11,2,49,17,841,943,1044,1138
1102,10,11,2,49,18,730,845,1044,1138
1103,10,11,2,49,19,696,740,1044,1138
1104,10,11,2,50,1,624,695,1044,1138
1105,10,11,2,50,2,514,620,1044,1138
1106,10,11,2,50,3,408,513,1044,1138
1107,10,11,2,50,4,299,406,1044,1138
1108,10,11,2,50,5,94,297,1044,1138
1109,10,12,2,50,6,789,943,1138,1231
1110,10,12,2,50,7,731,787,1138,1231
1111,10,12,2,50,8,596,729,1138,1231
1112,10,12,2,50,9,467,589,1138,1231
1113,10,12,2,50,10,334,484,1138,1231
1114,10,12,2,50,11,288,334,1138,1231
1115,10,12,2,51,1,228,291,1138,1231
1116,10,12,2,51,2,94,225,1138,1231
1117,10,13,2,51,3,826,940,1231,1326
1118,10,13,2,51,4,702,829,1231,1326
1135,10,13,2,51,5,610,700,1231,1326
1136,10,13,2,51,6,548,604,1231,1326
1137,10,13,2,51,7,419,556,1231,1326
1138,10,13,2,51,8,290,418,1231,1326
1139,10,13,2,51,9,214,288,1231,1326
1140,10,13,2,51,10,94,215,1231,1326
1141,11,1,2,51,11,814,942,110,205
1142,11,1,2,51,12,697,821,110,205
1143,11,1,2,51,13,649,696,110,205
1144,11,1,2,52,1,596,652,110,205
1145,11,1,2,52,2,499,608,110,205
1146,11,1,2,52,3,378,497,110,205
1147,11,1,2,52,4,311,377,110,205
1148,11,1,2,52,5,226,310,110,205
1149,11,1,2,52,6,94,217,110,205
1150,11,2,2,52,7,803,939,205,300
1151,11,2,2,52,8,636,802,205,300
1152,11,2,2,52,9,590,633,205,300
1153,11,2,2,53,1,513,587,205,300
1154,11,2,2,53,2,415,513,205,300
1155,11,2,2,53,3,287,410,205,300
1156,11,2,2,53,4,104,283,205,300
1157,11,3,2,53,5,759,938,300,391
1158,11,3,2,53,6,602,756,300,391
1159,11,3,2,53,7,437,600,300,391
1160,11,3,2,53,8,392,436,300,391
1161,11,3,2,54,1,315,388,300,391
1162,11,3,2,54,2,228,305,300,391
1163,11,3,2,54,3,94,221,300,391
1164,11,4,2,54,4,823,940,391,485
1165,11,4,2,54,5,718,822,391,485
1166,11,4,2,54,6,618,715,391,485
1167,11,4,2,54,7,486,622,391,485
1168,11,4,2,54,8,314,485,391,485
1169,11,4,2,54,9,94,314,391,485
1170,11,5,2,54,10,813,940,485,578
1171,11,5,2,54,11,695,810,485,578
1172,11,5,2,54,12,640,691,485,578
1173,11,5,2,54,13,506,638,485,578
1174,11,5,2,54,14,374,504,485,578
1175,11,5,2,54,15,197,366,485,578
1176,11,5,2,54,16,94,195,485,578
1177,11,6,2,54,17,855,938,578,671
1178,11,6,2,54,18,787,859,578,671
1179,11,6,2,54,19,720,789,578,671
1180,11,6,2,54,20,582,719,578,671
1181,11,6,2,54,21,478,579,578,671
1182,11,6,2,54,22,332,474,578,671
1183,11,6,2,54,23,271,329,578,671
1184,11,6,2,54,24,216,269,578,671
1185,11,6,2,54,25,94,213,578,671
1186,11,7,2,54,26,810,945,671,764
1187,11,7,2,54,27,772,815,671,764
1188,11,7,2,55,1,700,766,671,764
1189,11,7,2,55,2,614,699,671,764
1190,11,7,2,55,3,498,611,671,764
1191,11,7,2,55,4,434,496,671,764
1192,11,7,2,55,5,329,433,671,764
1193,11,7,2,55,6,266,325,671,764
1194,11,7,2,55,7,190,263,671,764
1195,11,7,2,55,8,94,190,671,764
1196,11,8,2,55,9,866,943,764,858
1197,11,8,2,55,10,771,869,764,858
1198,11,8,2,55,11,598,767,764,858
1199,11,8,2,55,12,453,598,764,858
1200,11,8,2,55,13,328,449,764,858
1201,11,8,2,55,14,176,335,764,858
1202,11,8,2,55,15,94,175,764,858
1203,11,9,2,56,1,878,941,858,953
1204,11,9,2,56,2,749,882,858,953
1205,11,9,2,56,3,675,744,858,953
1206,11,9,2,56,4,595,671,858,953
1207,11,9,2,56,5,450,588,858,953
1208,11,9,2,56,6,323,452,858,953
1209,11,9,2,56,7,187,330,858,953
1210,11,9,2,56,8,141,187,858,953
1211,11,9,2,57,1,97,138,858,953
1212,11,10,2,57,2,849,940,953,1044
1213,11,10,2,57,3,727,846,953,1044
1214,11,10,2,57,4,618,730,953,1044
1215,11,10,2,57,5,504,620,953,1044
1216,11,10,2,57,6,386,501,953,1044
1217,11,10,2,57,7,294,385,953,1044
1218,11,10,2,57,8,94,293,953,1044
1219,11,11,2,57,9,865,943,1044,1138
1220,11,11,2,57,10,795,862,1044,1138
1221,11,11,2,57,11,687,794,1044,1138
1222,11,11,2,57,12,646,683,1044,1138
1223,11,11,2,57,13,490,644,1044,1138
1224,11,11,2,57,14,423,488,1044,1138
1225,11,11,2,57,15,306,418,1044,1138
1226,11,11,2,57,16,207,304,1044,1138
1227,11,11,2,57,17,94,206,1044,1138
1228,11,12,2,57,18,808,942,1138,1231
1229,11,12,2,57,19,659,805,1138,1231
1230,11,12,2,57,20,612,657,1138,1231
1231,11,12,2,58,1,534,608,1138,1231
1232,11,12,2,58,2,458,529,1138,1231
1233,11,12,2,58,3,333,451,1138,1231
1234,11,12,2,58,4,245,329,1138,1231
1235,11,12,2,58,5,94,237,1138,1231
1236,11,13,2,58,6,844,940,1231,1326
1237,11,13,2,58,7,765,838,1231,1326
1238,11,13,2,58,8,671,763,1231,1326
1239,11,13,2,58,9,555,669,1231,1326
1240,11,13,2,58,10,482,563,1231,1326
1241,11,13,2,58,11,336,481,1231,1326
1242,11,13,2,58,12,232,332,1231,1326
1243,11,13,2,58,13,94,229,1231,1326
1244,12,1,2,58,14,825,942,110,205
1245,12,1,2,58,15,734,825,110,205
1246,12,1,2,58,16,599,730,110,205
1247,12,1,2,58,17,460,594,110,205
1248,12,1,2,58,18,321,458,110,205
1249,12,1,2,58,19,104,316,110,205
1250,12,1,2,58,20,103,167,110,205
1251,12,2,2,59,1,833,938,205,300
1252,12,2,2,59,2,724,825,205,300
1253,12,2,2,59,3,619,717,205,300
1254,12,2,2,59,4,537,614,205,300
1255,12,2,2,59,5,456,532,205,300
1256,12,2,2,59,6,370,457,205,300
1257,12,2,2,59,7,292,369,205,300
1258,12,2,2,59,8,232,287,205,300
1259,12,2,2,59,9,105,231,205,300
1260,12,3,2,59,10,852,938,300,391
1261,12,3,2,59,11,700,847,300,391
1262,12,3,2,59,12,583,694,300,391
1263,12,3,2,59,13,478,580,300,391
1264,12,3,2,59,14,398,473,300,391
1265,12,3,2,59,15,273,391,300,391
1266,12,3,2,59,16,209,264,300,391
1267,12,3,2,59,17,103,204,300,391
1284,12,4,2,59,18,792,943,391,485
1285,12,4,2,59,19,749,795,391,485
1286,12,4,2,60,1,685,745,391,485
1287,12,4,2,60,2,539,682,391,485
1288,12,4,2,60,3,431,536,391,485
1289,12,4,2,60,4,317,428,391,485
1290,12,4,2,60,5,231,314,391,485
1291,12,4,2,60,6,100,222,391,485
1292,12,5,2,60,7,802,937,485,578
1293,12,5,2,60,8,674,797,485,578
1294,12,5,2,60,9,501,673,485,578
1295,12,5,2,60,10,419,494,485,578
1296,12,5,2,60,11,339,415,485,578
1297,12,5,2,60,12,219,331,485,578
1298,12,5,2,60,13,95,214,485,578
1299,12,6,2,60,14,885,936,578,671
1300,12,6,2,60,15,801,879,578,671
1301,12,6,2,60,16,739,808,578,671
1302,12,6,2,60,17,624,736,578,671
1303,12,6,2,60,18,441,618,578,671
1304,12,6,2,60,19,339,437,578,671
1305,12,6,2,60,20,190,334,578,671
1306,12,6,2,60,21,94,187,578,671
1307,12,7,2,60,22,858,941,671,764
1308,12,7,2,60,23,783,852,671,764
1309,12,7,2,60,24,720,780,671,764
1310,12,7,2,60,25,628,719,671,764
1311,12,7,2,60,26,578,619,671,764
1312,12,7,2,60,27,455,573,671,764
1313,12,7,2,60,28,269,452,671,764
1314,12,7,2,60,29,270,319,671,764
1315,12,7,2,61,1,208,264,671,764
1316,12,7,2,61,2,94,207,671,764
1317,12,8,2,61,3,820,937,764,858
1318,12,8,2,61,4,772,822,764,858
1319,12,8,2,61,5,667,770,764,858
1320,12,8,2,61,6,606,669,764,858
1321,12,8,2,61,7,491,604,764,858
1322,12,8,2,61,8,383,489,764,858
1323,12,8,2,61,9,287,381,764,858
1324,12,8,2,61,10,222,279,764,858
1325,12,8,2,61,11,94,221,764,858
1326,12,9,2,61,12,845,940,858,953
1327,12,9,2,61,13,788,842,858,953
1328,12,9,2,61,14,718,787,858,953
1329,12,9,2,61,15,619,716,858,953
1330,12,9,2,61,16,473,607,858,953
1331,12,9,2,61,17,395,470,858,953
1332,12,9,2,61,18,297,393,858,953
1333,12,9,2,61,19,99,290,858,953
1334,12,10,2,61,20,790,939,953,1044
1335,12,10,2,61,21,631,787,953,1044
1336,12,10,2,61,22,445,625,953,1044
1337,12,10,2,61,23,359,442,953,1044
1338,12,10,2,61,24,96,350,953,1044
1339,12,11,2,61,25,844,942,1044,1138
1340,12,11,2,61,26,781,835,1044,1138
1341,12,11,2,61,27,712,783,1044,1138
1342,12,11,2,61,28,597,709,1044,1138
1343,12,11,2,61,29,532,584,1044,1138
1344,12,11,2,61,30,435,530,1044,1138
1345,12,11,2,61,31,304,433,1044,1138
1346,12,11,2,61,32,201,296,1044,1138
1347,12,11,2,61,33,94,199,1044,1138
1348,12,12,2,61,34,880,941,1138,1231
1349,12,12,2,61,35,840,880,1138,1231
1350,12,12,2,61,36,712,840,1138,1231
1351,12,12,2,61,37,566,711,1138,1231
1352,12,12,2,61,38,451,564,1138,1231
1353,12,12,2,61,39,333,442,1138,1231
1354,12,12,2,61,40,94,332,1138,1231
1355,12,13,2,61,41,839,942,1231,1326
1356,12,13,2,61,42,713,837,1231,1326
1357,12,13,2,61,43,643,710,1231,1326
1358,12,13,2,61,44,554,641,1231,1326
1359,12,13,2,61,45,471,553,1231,1326
1360,12,13,2,61,46,367,466,1231,1326
1361,12,13,2,61,47,276,364,1231,1326
1362,12,13,2,61,48,102,275,1231,1326
1363,13,1,2,61,49,838,940,110,205
1364,13,1,2,61,50,766,836,110,205
1365,13,1,2,61,51,597,764,110,205
1366,13,1,2,61,52,466,586,110,205
1367,13,1,2,61,53,371,463,110,205
1368,13,1,2,61,54,252,370,110,205
1369,13,1,2,61,55,170,251,110,205
1370,13,1,2,61,56,95,168,110,205
1371,13,2,2,61,57,832,940,205,300
1372,13,2,2,61,58,699,829,205,300
1373,13,2,2,61,59,538,698,205,300
1374,13,2,2,61,60,490,535,205,300
1375,13,2,2,62,1,432,488,205,300
1376,13,2,2,62,2,272,428,205,300
1377,13,2,2,62,3,159,270,205,300
1378,13,2,2,62,4,94,151,205,300
1379,13,3,2,62,5,823,936,300,391
1380,13,3,2,62,6,705,817,300,391
1381,13,3,2,62,7,527,702,300,391
1382,13,3,2,62,8,344,526,300,391
1383,13,3,2,62,9,275,339,300,391
1384,13,3,2,62,10,191,275,300,391
1385,13,3,2,62,11,94,189,300,391
1386,13,4,2,62,12,807,943,391,485
1387,13,4,2,62,13,702,806,391,485
1388,13,4,2,62,14,589,700,391,485
1389,13,4,2,62,15,454,577,391,485
1390,13,4,2,62,16,346,444,391,485
1391,13,4,2,62,17,207,342,391,485
1392,13,4,2,62,18,94,205,391,485
1393,13,5,2,62,19,807,938,485,578
1394,13,5,2,62,20,751,806,485,578
1395,13,5,2,62,21,652,754,485,578
1396,13,5,2,62,22,528,640,485,578
1397,13,5,2,62,23,399,525,485,578
1398,13,5,2,62,24,236,391,485,578
1399,13,5,2,62,25,190,233,485,578
1400,13,5,2,63,1,94,186,485,578
1401,13,6,2,63,2,833,938,578,671
1402,13,6,2,63,3,670,832,578,671
1403,13,6,2,63,4,550,674,578,671
1404,13,6,2,63,5,380,536,578,671
1405,13,6,2,63,6,263,380,578,671
1406,13,6,2,63,7,166,258,578,671
1407,13,6,2,63,8,102,162,578,671
1408,13,7,2,63,9,820,941,671,764
1409,13,7,2,63,10,726,816,671,764
1410,13,7,2,63,11,572,722,671,764
1411,13,7,2,63,12,528,572,671,764
1412,13,7,2,63,13,449,527,671,764
1413,13,7,2,63,14,322,449,671,764
1414,13,7,2,63,15,178,315,671,764
1415,13,7,2,63,16,105,175,671,764
1416,13,8,2,64,1,886,937,764,858
1417,13,8,2,64,2,759,882,764,858
1418,13,8,2,64,3,692,758,764,858
1419,13,8,2,64,4,610,691,764,858
1420,13,8,2,64,5,496,607,764,858
1421,13,8,2,64,6,397,495,764,858
1422,13,8,2,64,7,289,395,764,858
1439,13,8,2,64,8,215,282,764,858
1440,13,8,2,64,9,99,210,764,858
1441,13,9,2,64,10,777,944,858,953
1442,13,9,2,64,11,621,775,858,953
1443,13,9,2,64,12,553,620,858,953
1444,13,9,2,64,13,374,544,858,953
1445,13,9,2,64,14,328,371,858,953
1446,13,9,2,65,1,232,325,858,953
1447,13,9,2,65,2,98,229,858,953
1448,13,10,2,65,3,829,943,953,1044
1449,13,10,2,65,4,707,818,953,1044
1450,13,10,2,65,5,606,705,953,1044
1451,13,10,2,65,6,560,597,953,1044
1452,13,10,2,65,7,429,551,953,1044
1453,13,10,2,65,8,316,411,953,1044
1454,13,10,2,65,9,239,306,953,1044
1455,13,10,2,65,10,98,235,953,1044
1456,13,11,2,65,11,837,944,1044,1138
1457,13,11,2,65,12,703,832,1044,1138
1458,13,11,2,65,13,654,701,1044,1138
1459,13,11,2,66,1,494,649,1044,1138
1460,13,11,2,66,2,373,489,1044,1138
1461,13,11,2,66,3,319,372,1044,1138
1462,13,11,2,66,4,240,313,1044,1138
1463,13,11,2,66,5,114,228,1044,1138
1464,13,12,2,66,6,876,940,1138,1231
1465,13,12,2,66,7,768,875,1138,1231
1466,13,12,2,66,8,589,764,1138,1231
1467,13,12,2,66,9,424,585,1138,1231
1468,13,12,2,66,10,381,421,1138,1231
1469,13,12,2,67,1,316,379,1138,1231
1470,13,12,2,67,2,231,313,1138,1231
1471,13,12,2,67,3,106,224,1138,1231
1472,13,13,2,67,4,823,938,1231,1326
1473,13,13,2,67,5,758,820,1231,1326
1474,13,13,2,67,6,684,754,1231,1326
1475,13,13,2,67,7,540,682,1231,1326
1476,13,13,2,67,8,485,537,1231,1326
1477,13,13,2,67,9,344,479,1231,1326
1478,13,13,2,67,10,211,339,1231,1326
1479,13,13,2,67,11,94,209,1231,1326
1480,14,1,2,67,12,794,944,110,205
1481,14,1,2,67,13,664,788,110,205
1482,14,1,2,67,14,582,661,110,205
1483,14,1,2,67,15,477,572,110,205
1484,14,1,2,67,16,378,472,110,205
1485,14,1,2,67,17,313,375,110,205
1486,14,1,2,67,18,175,308,110,205
1487,14,1,2,67,19,98,174,110,205
1488,14,2,2,67,20,798,939,205,300
1489,14,2,2,67,21,754,796,205,300
1490,14,2,2,68,1,668,750,205,300
1491,14,2,2,68,2,590,662,205,300
1492,14,2,2,68,3,540,587,205,300
1493,14,2,2,68,4,452,539,205,300
1494,14,2,2,68,5,353,451,205,300
1495,14,2,2,68,6,302,351,205,300
1496,14,2,2,68,7,265,301,205,300
1497,14,2,2,68,8,194,264,205,300
1498,14,2,2,68,9,98,194,205,300
1499,14,3,2,68,10,882,944,300,391
1500,14,3,2,68,11,779,879,300,391
1501,14,3,2,68,12,699,771,300,391
1502,14,3,2,68,13,596,694,300,391
1503,14,3,2,68,14,548,593,300,391
1504,14,3,2,68,15,419,536,300,391
1505,14,3,2,68,16,356,417,300,391
1506,14,3,2,68,17,238,355,300,391
1507,14,3,2,68,18,94,237,300,391
1508,14,4,2,68,19,863,942,391,485
1509,14,4,2,68,20,745,857,391,485
1510,14,4,2,68,21,600,741,391,485
1511,14,4,2,68,22,551,596,391,485
1512,14,4,2,68,23,396,548,391,485
1513,14,4,2,68,24,346,395,391,485
1514,14,4,2,69,1,257,342,391,485
1515,14,4,2,69,2,176,249,391,485
1516,14,4,2,69,3,94,171,391,485
1517,14,5,2,69,4,860,943,485,578
1518,14,5,2,69,5,750,857,485,578
1519,14,5,2,69,6,687,748,485,578
1520,14,5,2,69,7,637,684,485,578
1521,14,5,2,69,8,505,634,485,578
1522,14,5,2,69,9,421,501,485,578
1523,14,5,2,69,10,340,417,485,578
1524,14,5,2,69,11,225,337,485,578
1525,14,5,2,69,12,94,215,485,578
1526,14,6,2,69,13,848,941,578,671
1527,14,6,2,69,14,698,842,578,671
1528,14,6,2,69,15,608,698,578,671
1529,14,6,2,69,16,498,604,578,671
1530,14,6,2,69,17,409,496,578,671
1531,14,6,2,69,18,263,408,578,671
1532,14,6,2,69,19,213,262,578,671
1533,14,6,2,70,1,94,211,578,671
1534,14,7,2,70,2,880,941,671,764
1535,14,7,2,70,3,826,873,671,764
1536,14,7,2,70,4,748,823,671,764
1537,14,7,2,70,5,655,747,671,764
1538,14,7,2,70,6,603,652,671,764
1539,14,7,2,70,7,570,602,671,764
1540,14,7,2,70,8,494,563,671,764
1541,14,7,2,70,9,441,494,671,764
1542,14,7,2,70,10,345,430,671,764
1543,14,7,2,70,11,232,343,671,764
1544,14,7,2,70,12,102,226,671,764
1545,14,8,2,70,13,869,945,764,858
1546,14,8,2,70,14,817,868,764,858
1547,14,8,2,70,15,741,812,764,858
1548,14,8,2,70,16,678,740,764,858
1549,14,8,2,70,17,518,676,764,858
1550,14,8,2,70,18,465,515,764,858
1551,14,8,2,71,1,387,461,764,858
1552,14,8,2,71,2,315,382,764,858
1553,14,8,2,71,3,211,315,764,858
1554,14,8,2,71,4,94,210,764,858
1555,14,9,2,71,5,842,943,858,953
1556,14,9,2,71,6,795,840,858,953
1557,14,9,2,71,7,694,792,858,953
1558,14,9,2,71,8,592,690,858,953
1559,14,9,2,71,9,457,587,858,953
1560,14,9,2,71,10,379,449,858,953
1561,14,9,2,71,11,254,377,858,953
1562,14,9,2,71,12,94,245,858,953
1563,14,10,2,71,13,795,940,953,1044
1564,14,10,2,71,14,747,790,953,1044
1565,14,10,2,71,15,651,741,953,1044
1566,14,10,2,71,16,536,647,953,1044
1567,14,10,2,71,17,447,534,953,1044
1568,14,10,2,71,18,358,442,953,1044
1569,14,10,2,71,19,258,354,953,1044
1570,14,10,2,71,20,94,257,953,1044
1571,14,11,2,71,21,793,946,1044,1138
1572,14,11,2,71,22,730,787,1044,1138
1573,14,11,2,71,23,636,727,1044,1138
1574,14,11,2,71,24,490,633,1044,1138
1575,14,11,2,71,25,441,489,1044,1138
1576,14,11,2,72,1,363,437,1044,1138
1577,14,11,2,72,2,233,356,1044,1138
1578,14,11,2,72,3,102,231,1044,1138
1579,14,12,2,72,4,801,944,1138,1231
1580,14,12,2,72,5,703,797,1138,1231
1581,14,12,2,72,6,620,701,1138,1231
1582,14,12,2,72,7,520,618,1138,1231
1583,14,12,2,72,8,468,516,1138,1231
1584,14,12,2,72,9,367,465,1138,1231
1585,14,12,2,72,10,183,366,1138,1231
1586,14,12,2,72,11,105,179,1138,1231
1603,14,13,2,73,1,845,942,1231,1326
1604,14,13,2,73,2,699,837,1231,1326
1605,14,13,2,73,3,523,700,1231,1326
1606,14,13,2,73,4,401,521,1231,1326
1607,14,13,2,73,5,318,397,1231,1326
1608,14,13,2,73,6,242,317,1231,1326
1609,14,13,2,73,7,94,241,1231,1326
1610,15,1,2,73,8,754,941,110,205
1611,15,1,2,73,9,663,752,110,205
1612,15,1,2,73,10,500,663,110,205
1613,15,1,2,73,11,340,497,110,205
1614,15,1,2,73,12,288,338,110,205
1615,15,1,2,74,1,231,286,110,205
1616,15,1,2,74,2,100,228,110,205
1617,15,2,2,74,3,800,942,205,300
1618,15,2,2,74,4,728,796,205,300
1619,15,2,2,74,5,660,726,205,300
1620,15,2,2,74,6,558,652,205,300
1621,15,2,2,74,7,463,550,205,300
1622,15,2,2,74,8,241,451,205,300
1623,15,2,2,74,9,200,239,205,300
1624,15,2,2,74,10,96,197,205,300
1625,15,3,2,74,11,821,943,300,391
1626,15,3,2,74,12,745,820,300,391
1627,15,3,2,74,13,666,742,300,391
1628,15,3,2,74,14,515,665,300,391
1629,15,3,2,74,15,466,511,300,391
1630,15,3,2,74,16,347,463,300,391
1631,15,3,2,74,17,279,346,300,391
1632,15,3,2,74,18,94,277,300,391
1633,15,4,2,74,19,864,945,391,485
1634,15,4,2,74,20,778,859,391,485
1635,15,4,2,74,21,731,776,391,485
1636,15,4,2,74,22,604,727,391,485
1637,15,4,2,74,23,475,594,391,485
1638,15,4,2,74,24,389,471,391,485
1639,15,4,2,74,25,283,387,391,485
1640,15,4,2,74,26,198,282,391,485
1641,15,4,2,74,27,94,195,391,485
1642,15,5,2,74,28,889,945,485,578
1643,15,5,2,74,29,787,886,485,578
1644,15,5,2,74,30,717,780,485,578
1645,15,5,2,74,31,599,711,485,578
1646,15,5,2,74,32,501,593,485,578
1647,15,5,2,74,33,429,501,485,578
1648,15,5,2,74,34,343,417,485,578
1649,15,5,2,74,35,203,342,485,578
1650,15,5,2,74,36,94,193,485,578
1651,15,6,2,74,37,793,945,578,671
1652,15,6,2,74,38,746,793,578,671
1653,15,6,2,75,1,548,743,578,671
1654,15,6,2,75,2,482,538,578,671
1655,15,6,2,75,3,353,478,578,671
1656,15,6,2,75,4,283,352,578,671
1657,15,6,2,75,5,194,280,578,671
1658,15,6,2,75,6,94,192,578,671
1659,15,7,2,75,7,841,947,671,764
1660,15,7,2,75,8,738,840,671,764
1661,15,7,2,75,9,570,733,671,764
1662,15,7,2,75,10,434,562,671,764
1663,15,7,2,75,11,367,433,671,764
1664,15,7,2,75,12,311,365,671,764
1665,15,7,2,75,13,94,310,671,764
1666,15,8,2,75,14,876,942,764,858
1667,15,8,2,75,15,798,874,764,858
1668,15,8,2,75,16,750,797,764,858
1669,15,8,2,75,17,630,750,764,858
1670,15,8,2,75,18,547,626,764,858
1671,15,8,2,75,19,413,546,764,858
1672,15,8,2,75,20,366,412,764,858
1673,15,8,2,76,1,289,364,764,858
1674,15,8,2,76,2,223,288,764,858
1675,15,8,2,76,3,94,223,764,858
1676,15,9,2,76,4,852,945,858,953
1677,15,9,2,76,5,767,850,858,953
1678,15,9,2,76,6,668,767,858,953
1679,15,9,2,76,7,592,666,858,953
1680,15,9,2,76,8,518,591,858,953
1681,15,9,2,76,9,382,518,858,953
1682,15,9,2,76,10,323,381,858,953
1683,15,9,2,76,11,214,323,858,953
1684,15,9,2,76,12,94,214,858,953
1685,15,10,2,76,13,733,941,953,1044
1686,15,10,2,76,14,671,733,953,1044
1687,15,10,2,76,15,588,668,953,1044
1688,15,10,2,76,16,515,583,953,1044
1689,15,10,2,76,17,360,509,953,1044
1690,15,10,2,76,18,94,359,953,1044
1691,15,11,2,76,19,887,943,1044,1138
1692,15,11,2,76,20,806,886,1044,1138
1693,15,11,2,76,21,667,804,1044,1138
1694,15,11,2,76,22,582,663,1044,1138
1695,15,11,2,76,23,421,579,1044,1138
1696,15,11,2,76,24,367,421,1044,1138
1697,15,11,2,77,1,288,368,1044,1138
1698,15,11,2,77,2,94,286,1044,1138
1699,15,12,2,77,3,879,943,1138,1231
1700,15,12,2,77,4,814,879,1138,1231
1701,15,12,2,77,5,713,812,1138,1231
1702,15,12,2,77,6,668,708,1138,1231
1703,15,12,2,77,7,529,664,1138,1231
1704,15,12,2,77,8,439,522,1138,1231
1705,15,12,2,77,9,295,439,1138,1231
1706,15,12,2,77,10,246,293,1138,1231
1707,15,12,2,78,1,95,246,1138,1231
1708,15,13,2,78,2,820,939,1231,1326
1709,15,13,2,78,3,777,817,1231,1326
1710,15,13,2,78,4,628,776,1231,1326
1711,15,13,2,78,5,512,625,1231,1326
1712,15,13,2,78,6,443,512,1231,1326
1713,15,13,2,78,7,338,435,1231,1326
1714,15,13,2,78,8,247,335,1231,1326
1715,15,13,2,78,9,177,240,1231,1326
1716,15,13,2,78,10,94,176,1231,1326
1717,16,1,2,78,11,825,943,110,205
1718,16,1,2,78,12,785,825,110,205
1719,16,1,2,79,1,691,783,110,205
1720,16,1,2,79,2,572,690,110,205
1721,16,1,2,79,3,434,569,110,205
1722,16,1,2,79,4,289,430,110,205
1723,16,1,2,79,5,94,289,110,205
1724,16,2,2,79,6,897,941,205,300
1725,16,2,2,79,7,759,896,205,300
1726,16,2,2,79,8,677,755,205,300
1727,16,2,2,79,9,601,676,205,300
1728,16,2,2,79,10,526,598,205,300
1729,16,2,2,79,11,457,526,205,300
1730,16,2,2,79,12,302,457,205,300
1731,16,2,2,79,13,242,302,205,300
1732,16,2,2,79,14,94,242,205,300
1733,16,3,2,79,15,835,946,300,391
1734,16,3,2,79,16,731,835,300,391
1735,16,3,2,79,17,657,731,300,391
1736,16,3,2,79,18,589,657,300,391
1737,16,3,2,79,19,487,589,300,391
1738,16,3,2,79,20,343,487,300,391
1739,16,3,2,79,21,231,343,300,391
1740,16,3,2,79,22,160,231,300,391
1741,16,3,2,79,23,94,160,300,391
1742,16,4,2,79,24,800,946,391,485
1743,16,4,2,79,25,758,800,391,485
1744,16,4,2,80,1,657,755,391,485
1745,16,4,2,80,2,602,655,391,485
1746,16,4,2,80,3,510,602,391,485
1747,16,4,2,80,4,427,510,391,485
1748,16,4,2,80,5,369,427,391,485
1749,16,4,2,80,6,285,369,391,485
1750,16,4,2,80,7,102,285,391,485
1751,16,5,2,80,8,871,943,485,578
1752,16,5,2,80,9,730,871,485,578
1753,16,5,2,80,10,649,730,485,578
1754,16,5,2,80,11,577,649,485,578
1755,16,5,2,80,12,478,577,485,578
1756,16,5,2,80,13,384,478,485,578
1757,16,5,2,80,14,271,384,485,578
1758,16,5,2,80,15,196,271,485,578
1759,16,5,2,80,16,96,196,485,578
1760,16,6,2,80,17,891,944,578,671
1777,16,6,2,80,18,756,891,578,671
1778,16,6,2,80,19,679,741,578,671
1779,16,6,2,80,20,602,675,578,671
1780,16,6,2,80,21,562,599,578,671
1781,16,6,2,80,22,516,562,578,671
1782,16,6,2,80,23,372,516,578,671
1783,16,6,2,80,24,329,372,578,671
1784,16,6,2,81,1,275,325,578,671
1785,16,6,2,81,2,211,275,578,671
1786,16,6,2,81,3,94,211,578,671
1787,16,7,2,81,4,842,945,671,764
1788,16,7,2,81,5,686,841,671,764
1789,16,7,2,81,6,634,686,671,764
1790,16,7,2,81,7,470,634,671,764
1791,16,7,2,81,8,333,470,671,764
1792,16,7,2,81,9,211,333,671,764
1793,16,7,2,81,10,94,211,671,764
1794,16,8,2,81,11,892,943,764,858
1795,16,8,2,81,12,814,892,764,858
1796,16,8,2,81,13,674,814,764,858
1797,16,8,2,81,14,625,674,764,858
1798,16,8,2,82,1,491,623,764,858
1799,16,8,2,82,2,387,491,764,858
1800,16,8,2,82,3,265,387,764,858
1801,16,8,2,82,4,94,265,764,858
1802,16,9,2,82,5,825,940,858,953
1803,16,9,2,82,6,712,825,858,953
1804,16,9,2,82,7,607,708,858,953
1805,16,9,2,82,8,545,607,858,953
1806,16,9,2,82,9,470,545,858,953
1807,16,9,2,82,10,324,470,858,953
1808,16,9,2,82,11,283,324,858,953
1809,16,9,2,83,1,210,279,858,953
1810,16,9,2,83,2,101,210,858,953
1811,16,10,2,83,3,839,944,953,1044
1812,16,10,2,83,4,767,839,953,1044
1813,16,10,2,83,5,604,767,953,1044
1814,16,10,2,83,6,553,600,953,1044
1815,16,10,2,83,7,412,553,953,1044
1816,16,10,2,83,8,358,412,953,1044
1817,16,10,2,83,9,281,356,953,1044
1818,16,10,2,83,10,95,281,953,1044
1819,16,11,2,83,11,814,940,1044,1138
1820,16,11,2,83,12,716,813,1044,1138
1821,16,11,2,83,13,599,716,1044,1138
1822,16,11,2,83,14,454,599,1044,1138
1823,16,11,2,83,15,234,454,1044,1138
1824,16,11,2,83,16,94,233,1044,1138
1825,16,12,2,83,17,811,937,1138,1231
1826,16,12,2,83,18,705,811,1138,1231
1827,16,12,2,83,19,558,701,1138,1231
1828,16,12,2,83,20,399,554,1138,1231
1829,16,12,2,83,21,289,399,1138,1231
1830,16,12,2,83,22,100,289,1138,1231
1831,16,13,2,83,23,880,936,1231,1326
1832,16,13,2,83,24,750,880,1231,1326
1833,16,13,2,83,25,697,750,1231,1326
1834,16,13,2,83,26,593,697,1231,1326
1835,16,13,2,83,27,438,591,1231,1326
1836,16,13,2,83,28,317,436,1231,1326
1837,16,13,2,83,29,101,317,1231,1326
1838,16,13,2,83,30,96,162,1231,1326
